PLSR_inputs,Perc_varance_l2OPP_change_explained
dose+F+rate+nd+cell,54.0357159482176
f+rate+nd+cell,47.9320344791462
dose,25.9733594683139
f,21.4827677215693
rate,9.55939650040373
nd,26.2753735466672
cell,23.4514177149043
nd+cell,45.3667793495524
f+cell,35.6005568947381
rate+cell,28.0538071610577
f+rate+cell,36.2216728365329
nd+rate+cell,45.9549871354317
f+nd+cell,47.9439302842133
dose+cell,49.8554408788741
f+rate+nd,33.6835180297717
