PLSR_inputs,Perc_varance_log2_OPP_explained
dose+F+rate+t2r+cell,54.035716201348
F+rate+t2r+cell,47.9320321614711
dose,25.9733594683139
F,21.4827677215693
rate,9.5593528192238
t2r,26.2753733234207
cell,23.4514177149043
f+cell,35.6005568947382
rate+cell,28.0537667822418
t2r+cell,45.3667794187407
f+rate+cell,36.2216630188594
t2r+rate+cell,45.9549792196767
f+t2r+cell,47.9439303686569
dose+cell,49.8554408788741
f+rate+t2r,33.6835175718262
