PLSR_inputs,Perc_varance_log2_OPP_explained
dose+F+rate+nd+cell,67.1866875210435
F+rate+nd+cell,65.1625762661036
dose,7.89888225906962
F,18.1679661158724
rate,8.11064989578972
nd,10.7737107141558
cell,56.7526751320092
f+cell,62.3559715322235
rate+cell,58.5973104149472
nd+cell,63.3501328233666
f+rate+cell,62.49986915955
nd+rate+cell,63.6347451566284
f+nd+cell,65.261562972144
dose+cell,65.0226806051333
f+rate+nd,21.2921552429562
